ano_hidro,posto,P,dias,R,P_ant,R_esperado,razao_obs/esp,z,suspeito
2001,IVR,1306.0235908078246,304,383.49903181578946,1304.4717246009702,397.87495147673854,0.9638682465242109,-0.4224445010004261,False
2002,IVR,1350.63539536729,304,392.2738143157894,1306.0235908078246,423.48280791817444,0.9263039891611958,-0.9679778136409946,False
2003,IVR,1192.7991576891382,365,347.6176944,1350.63539536729,347.4776625211237,1.0004029953403633,0.08811389041585853,False
2004,IVR,1442.9201635792106,366,460.1428944,1192.7991576891382,441.6498174226747,1.0418727150964193,0.6455140528769615,False
2005,IVR,1223.4102908413952,365,413.6403072,1442.9201635792106,385.4233011528058,1.0732104311358364,1.0522029735392442,False
2006,IVR,986.2764366588334,365,214.6792704,1223.4102908413952,225.33975420262567,0.9526915086938466,-0.5825065180557119,False
2007,IVR,1306.685537278359,365,379.27792320000003,986.2764366588334,312.4304904859872,1.2139593757639702,2.7433700853964367,True
2010,IVR,1414.8080385753956,365,760.9269072,1532.3099459822379,529.5202971967863,1.4370117844929668,5.058208071089383,True
2011,IVR,1507.0094912564466,365,605.5888176,1414.8080385753956,554.4800559577172,1.092174210944352,1.292579257955925,False
2012,IVR,1495.6135746330147,312,570.5056025538462,1507.0094912564466,577.6461678571163,0.98763851350428,-0.08811389041585853,False
2013,IVR,1433.1566820276494,365,518.5196208,1495.6135746330147,530.8434442425545,0.9767844482658367,-0.23976741490643866,False
2014,IVR,1040.957060457167,340,426.5433112941177,1433.1566820276494,285.28600617659674,1.49514277622885,5.6024204852355,True
2015,IVR,1202.2714926602982,344,423.10452146511625,1040.957060457167,281.21336640480206,1.5045676059937498,5.68865602380456,True
2016,IVR,1357.8426465651414,366,1077.71796,1202.2714926602982,397.9762265923474,2.7079958248458933,13.753923366760507,True
2017,IVR,1173.5070345164338,365,678.2378496,1357.8426465651414,338.843710143757,2.001624434203759,9.60603928927847,True
2018,IVR,1059.0571306497388,365,258.9768768,1173.5070345164338,247.52114780546543,1.0462818191338463,0.7034674660762289,False
2019,IVR,1360.3118991668443,365,280.899936,1059.0571306497388,357.6771357082198,0.7853449604593907,-3.233422968183943,True
1982,GAP,1736.5385715811638,365,476.7891768888889,1195.2004875331886,478.55066795541234,0.9963191127199773,0.12011136603717992,False
1983,GAP,2219.5257423627427,365,690.6336284444444,1736.5385715811638,636.5360816013037,1.0849874004110656,0.9020970034988438,False
1984,GAP,1345.7489623706776,366,530.7287893333333,2219.5257423627427,513.8120252675199,1.0329240329807494,0.4510565307683914,False
1985,GAP,1081.553754539628,365,359.3522595555556,1345.7489623706776,374.88615305999537,0.9585637042668956,-0.23422522377560862,False
1986,GAP,1327.3151150547806,365,317.1731128888889,1081.553754539628,391.9650987950175,0.8091871288131143,-1.7880494580352788,False
1987,GAP,1431.4343508713032,365,404.7796302222222,1327.3151150547806,442.1850789183086,0.9154077093971846,-0.6567561620614325,False
1988,GAP,1181.8119220557267,366,398.58220800000004,1431.4343508713032,404.6242917360839,0.9850674221506582,0.01593797734586717,False
1989,GAP,1401.2470625934627,365,372.87479111111105,1181.8119220557267,418.39403557686745,0.8912048437712645,-0.9025275375635653,False
1990,GAP,1380.0634022034362,365,389.9995057777778,1401.2470625934627,441.12184133662237,0.8841083556326724,-0.9758563012147187,False
1991,GAP,1415.273369548631,365,415.8170595555555,1380.0634022034362,445.43708164078396,0.9335034659078628,-0.4772091779792543,False
1992,GAP,1335.4452459791862,366,366.5483413333333,1415.273369548631,433.98300309969767,0.844614509589739,-1.3950195294097019,False
1993,GAP,1593.2782029175692,365,477.7029404444445,1335.4452459791862,472.94555973944574,1.0100590450782954,0.24573812135204093,False
1994,GAP,1053.4155934324165,365,384.42396444444444,1593.2782029175692,392.3790227220843,0.9797260867248903,-0.033931814705882385,False
1995,GAP,1701.760345774712,365,578.4359751111111,1053.4155934324165,451.42329671842646,1.28136048652338,2.4279294743662154,False
1996,GAP,1319.6195867793815,366,484.920352,1701.760345774712,460.8309962217897,1.0522737315321917,0.6212892237392355,False
2001,GAP,1308.0481124301887,365,394.71847822222225,1306.1855296487317,416.19524644352157,0.9483973726158025,-0.33202325442192765,False
2002,GAP,1396.4026306955166,365,471.11293866666665,1308.0481124301887,433.2661829713914,1.087352203293868,0.9220666762602745,False
2003,GAP,1261.2652401806695,365,456.52645333333334,1396.4026306955166,417.13743723369964,1.094426950409551,0.9815513666495969,False
2004,GAP,1365.6525620288703,366,387.20476444444444,1261.2652401806695,421.80628548016557,0.9179682185239788,-0.6311361909233004,False
2005,GAP,1245.8252586443678,365,504.63436444444443,1365.6525620288703,410.6798421254357,1.2287780228821452,2.043594123918571,False
2006,GAP,1089.161732840968,319,335.63121159177985,1245.8252586443678,366.0338808668191,0.9169402865028736,-0.6414128885202569,False
2007,GAP,1509.3080500198369,348,417.0515657215836,1089.161732840968,424.8475263341721,0.9816499799825681,-0.01593797734586717,False
2008,GAP,1393.274578844569,327,415.69775285626906,1509.3080500198369,455.871604847182,0.9118746340773295,-0.6922253568917579,False
2009,GAP,1574.811166722617,365,424.24072533333333,1393.274578844569,476.9308005051824,0.8895225992617004,-0.9198574092615479,False
2010,GAP,1416.665585802789,365,866.1710897777778,1574.811166722617,467.69646617770104,1.8519940867987583,5.806422966661737,True
2011,GAP,1456.9159710989713,365,991.3490631111111,1416.665585802789,457.69858187218796,2.1659430515516536,7.242724610589687,True
2012,GAP,1403.5917424542984,339,751.0471630285151,1456.9159710989713,452.0526357406554,1.6614152946989877,4.810385089476972,True
2013,GAP,1238.1154248176517,337,594.5662833102538,1403.5917424542984,413.24645296149237,1.438769235765606,3.4906725499489526,True
2014,GAP,980.2487067781607,365,407.3074773333334,1238.1154248176517,342.5800009481825,1.188941199737288,1.7413055778936437,False
2015,GAP,1155.5967131565292,365,327.14366222222225,980.2487067781607,347.6471442148165,0.9410221475027426,-0.40362978614194145,False
2016,GAP,1401.1028626361885,366,508.149856,1155.5967131565292,414.95752363694675,1.2245828236737522,2.0122255242494425,False
2017,GAP,1119.0920934171572,365,432.1869688888889,1401.1028626361885,388.40239167427507,1.112729937181573,1.1336769536527818,False
2018,GAP,1023.8282799768057,365,365.8672746666667,1119.0920934171572,339.01021415920036,1.0792219802995497,0.8532276873992243,False
2019,GAP,1246.9971694082458,365,373.64696533333336,1023.8282799768057,369.9130743590168,1.0100939686459762,0.24605525176140747,False
1967,FSB,1347.0344592120118,365,297.0750819188192,279.90241706595043,240.84759378791094,1.233456715288681,1.3978768502663452,False
1968,FSB,1104.058389538255,366,215.40901762361625,1347.0344592120118,267.37433899789175,0.8056458163897126,-1.1628304665149074,False
1969,FSB,686.6058076723532,365,75.73461502583025,1104.058389538255,152.24539626209608,0.4974509370086325,-4.061507092113745,True
1970,FSB,1371.4591853083894,365,197.18838305535056,686.6058076723532,295.4479916441597,0.6674216397884541,-2.294425270755322,False
1971,FSB,1112.3106898709066,365,82.93359055350554,1371.4591853083894,270.5707119390673,0.3065135541062635,-6.9727348601780434,True
1972,FSB,1576.194799645985,366,309.623553298893,1112.3106898709066,380.2031969185654,0.8143633609824967,-1.0981264950165741,False
1973,FSB,1081.9016655476544,365,222.12926382287822,1576.194799645985,270.0686459204438,0.822491863377256,-1.03841555851995,False
1974,FSB,1583.8004890591142,365,457.9348824797048,1081.9016655476544,380.04773194168104,1.2049404429809245,1.2572532692344516,False
1975,FSB,1039.0342226935634,365,264.27436764575646,1583.8004890591142,258.5827286054187,1.0220109017761307,0.26732702909979456,False
1976,FSB,1761.1298142948694,366,392.1098819778598,1039.0342226935634,423.54818199072304,0.9257739701181108,-0.3272451660081261,False
1977,FSB,1337.5041009247107,365,373.10226774907744,1761.1298142948694,348.8632423743094,1.0694800209096291,0.5402749688075661,False
1978,FSB,1430.4415456099123,365,409.9727472177122,1337.5041009247107,354.93863939236724,1.1550524561641413,1.003038939222738,False
1979,FSB,1236.2737281411175,365,299.4787458597786,1430.4415456099123,306.54625043272284,0.9769447365186568,-0.0037989217762066057,False
1980,FSB,1497.9440061647385,366,372.93426597785975,1236.2737281411175,367.4009871255661,1.015060598763178,0.22630197193744134,False
1981,FSB,1218.004966887417,365,261.47924156457566,1497.9440061647385,304.44319781126063,0.8588769381100758,-0.7781731098157436,False
1982,FSB,1765.638637958922,365,452.3223544206642,1218.004966887417,438.854357818554,1.0306889890966484,0.31816066658086284,False
1983,FSB,2027.90831858272,365,692.8770080590406,1765.638637958922,551.5931188052633,1.2561378748882774,1.5074233946118343,False
1984,FSB,1247.7470664082764,366,543.10980699631,2027.90831858272,332.7249731513463,1.6323085155055859,3.082291407638509,True
1985,FSB,1041.4718886379587,365,310.6359349372694,1247.7470664082764,246.83922904034236,1.2584544853140032,1.518500737042452,False
1986,FSB,1194.0317239906,365,315.2153198523985,1041.4718886379587,276.40520426754847,1.1404102201609905,0.9263393389142505,False
1987,FSB,1352.8608241523482,365,370.2819485756458,1194.0317239906,326.13000750879297,1.135381412474479,0.8997698450422876,False
1988,FSB,1246.5599917600023,366,279.00838281918817,1352.8608241523482,305.8238269476597,0.9123173482062897,-0.41527436885367874,False
1989,FSB,1420.7363734855187,365,308.1182453136531,1246.5599917600023,347.2258767056775,0.8873712069991444,-0.5819545186335565,False
1990,FSB,1425.490108188116,365,312.8320061402214,1420.7363734855187,358.0061255480199,0.8738174679591083,-0.6744907594765952,False
1991,FSB,1399.028557695242,365,328.2244722066421,1425.490108188116,350.9471057861891,0.93525339515582,-0.26599841761122456,False
1992,FSB,1182.567541276284,366,287.83666786715867,1399.028557695242,290.6061604721508,0.9904699453015982,0.07886289670807282,False
1993,FSB,1599.919698171941,365,426.27787784501845,1182.567541276284,391.40007309677827,1.0891103685093493,0.6496252154530708,False
1994,FSB,1027.6873455000455,365,339.63958919557194,1599.919698171941,256.01229333746164,1.3266534382701587,1.8357859672128582,False
2001,FSB,1180.6826418347725,365,217.82465322509225,1298.7600901821952,285.6931111210115,0.762442791743858,-1.4941930905691452,False
2002,FSB,1288.4952848902858,365,289.4224171217712,1180.6826418347725,308.39692887641087,0.9384737331082709,-0.2453329338218881,False
2003,FSB,1114.9334696493422,365,255.13997791881923,1288.4952848902858,267.8126772053884,0.952680734090678,-0.15500259877279707,False
2004,FSB,1312.005027924436,366,318.3190947896679,1114.9334696493422,310.903384054137,1.0238521390112614,0.2781484266706612,False
2005,FSB,1153.5741943113496,365,272.809431498155,1312.005027924436,279.0711599907847,0.9775622515317008,0.0,False
2006,FSB,1203.8816682943202,365,241.47453307749078,1153.5741943113496,284.840272169205,0.847754186016388,-0.8565393098994053,False
2007,FSB,1554.240928373058,365,389.76563636900374,1203.8816682943202,380.52683631732157,1.0242789710736142,0.2806542435499497,False
2010,FSB,1386.9080362865075,304,490.85389723441443,1357.048917355876,344.10536799149173,1.4264639348682033,2.2718918142672786,False
2012,FSB,1377.0855586413156,366,328.34985741697415,1297.3707350383006,338.28300620360096,0.9706365717329342,-0.042744575145462746,False
2013,FSB,1127.13496047853,365,333.0485125904059,1377.0855586413156,274.76938016765047,1.2121019903571366,1.2928798307645013,False
2014,FSB,1048.9253669850762,365,276.61557148339483,1127.13496047853,243.63400853038684,1.1353733953316063,0.8997273929182699,False
2015,FSB,1330.2337336344492,365,242.28765591143912,1048.9253669850762,311.7183266367488,0.7772647137098918,-1.3784407570749135,False
2016,FSB,1530.7005714590896,366,360.08865511439114,1330.2337336344492,381.9559948411408,0.9427490600433055,-0.21800669308537818,False
2017,FSB,1133.2992225409707,360,256.74292547601476,1530.7005714590896,282.5009554040074,0.9088214413605935,-0.438356047154764,False
2018,FSB,1033.308568834498,365,309.33509207380075,1133.2992225409707,239.91780277949493,1.2893378002386353,1.6642583365939603,False
2019,FSB,1160.7078005310218,365,259.29025133579336,1033.308568834498,267.5021932301231,0.9693014034944181,-0.05102015169083276,False
