posto,lead,NSE_LSTM,NSE_climatologia,NSE_persistencia,RMSE_LSTM,RMSE_climatologia,RMSE_persistencia,skill_vs_persistencia,modelo_melhor_referencia,NSE_melhor_referencia,skill_vs_melhor_referencia,supera_as_duas
IVR,1,0.838,-0.031,0.836,8.5,21.3,8.5,0.014,persistencia,0.836,0.014,True
IVR,2,0.711,-0.03,0.693,11.3,21.3,11.6,0.058,persistencia,0.693,0.058,True
IVR,3,0.541,-0.03,0.485,14.2,21.3,15.1,0.11,persistencia,0.485,0.11,True
IVR,4,0.42,-0.029,0.312,16.0,21.3,17.4,0.157,persistencia,0.312,0.157,True
IVR,5,0.334,-0.029,0.163,17.1,21.3,19.2,0.204,persistencia,0.163,0.204,True
IVR,6,0.266,-0.03,0.026,18.0,21.3,20.7,0.246,persistencia,0.026,0.246,True
IVR,7,0.196,-0.031,-0.102,18.7,21.2,21.9,0.27,climatologia,-0.031,0.22,True
IVR,8,0.175,-0.033,-0.184,18.8,21.1,22.6,0.303,climatologia,-0.033,0.202,True
IVR,9,0.145,-0.035,-0.24,19.0,20.9,22.9,0.311,climatologia,-0.035,0.174,True
IVR,10,0.126,-0.037,-0.263,19.2,20.9,23.0,0.308,climatologia,-0.037,0.157,True
IVR,11,0.122,-0.037,-0.264,19.2,20.8,23.0,0.305,climatologia,-0.037,0.154,True
IVR,12,0.124,-0.038,-0.261,19.1,20.8,23.0,0.306,climatologia,-0.038,0.156,True
IVR,13,0.099,-0.038,-0.261,19.4,20.8,23.0,0.286,climatologia,-0.038,0.132,True
IVR,14,0.111,-0.038,-0.272,19.3,20.8,23.0,0.301,climatologia,-0.038,0.144,True
IVR,15,0.049,-0.039,-0.292,19.9,20.8,23.2,0.264,climatologia,-0.039,0.085,True
IVR,16,0.041,-0.041,-0.33,20.0,20.8,23.5,0.279,climatologia,-0.041,0.079,True
IVR,17,0.019,-0.042,-0.351,20.2,20.8,23.7,0.274,climatologia,-0.042,0.059,True
IVR,18,-0.03,-0.044,-0.434,20.7,20.8,24.4,0.282,climatologia,-0.044,0.013,True
IVR,19,-0.01,-0.045,-0.442,20.4,20.8,24.4,0.3,climatologia,-0.045,0.034,True
IVR,20,-0.045,-0.049,-0.531,20.7,20.7,25.0,0.317,climatologia,-0.049,0.004,True
IVR,21,-0.042,-0.055,-0.586,20.4,20.5,25.2,0.343,climatologia,-0.055,0.012,True
IVR,22,-0.051,-0.059,-0.64,20.3,20.4,25.4,0.359,climatologia,-0.059,0.008,True
IVR,23,-0.105,-0.062,-0.678,20.8,20.4,25.6,0.341,climatologia,-0.062,-0.041,False
IVR,24,-0.084,-0.063,-0.695,20.5,20.3,25.7,0.361,climatologia,-0.063,-0.019,False
IVR,25,-0.114,-0.064,-0.704,20.8,20.3,25.7,0.346,climatologia,-0.064,-0.047,False
IVR,26,-0.107,-0.064,-0.743,20.7,20.3,26.0,0.365,climatologia,-0.064,-0.04,False
IVR,27,-0.161,-0.064,-0.791,21.2,20.3,26.3,0.352,climatologia,-0.064,-0.09,False
IVR,28,-0.202,-0.065,-0.857,21.6,20.3,26.8,0.353,climatologia,-0.065,-0.128,False
IVR,29,-0.229,-0.067,-0.897,21.8,20.3,27.1,0.352,climatologia,-0.067,-0.152,False
IVR,30,-0.196,-0.069,-0.914,21.5,20.3,27.2,0.375,climatologia,-0.069,-0.119,False
GAP,1,0.963,0.222,0.952,2.7,12.3,3.1,0.231,persistencia,0.952,0.231,True
GAP,2,0.892,0.222,0.865,4.6,12.3,5.1,0.203,persistencia,0.865,0.203,True
GAP,3,0.817,0.223,0.772,6.0,12.3,6.6,0.197,persistencia,0.772,0.197,True
GAP,4,0.752,0.222,0.681,6.9,12.3,7.8,0.221,persistencia,0.681,0.221,True
GAP,5,0.686,0.222,0.593,7.8,12.2,8.8,0.227,persistencia,0.593,0.227,True
GAP,6,0.626,0.221,0.512,8.5,12.2,9.7,0.234,persistencia,0.512,0.234,True
GAP,7,0.567,0.219,0.439,9.1,12.2,10.3,0.229,persistencia,0.439,0.229,True
GAP,8,0.516,0.216,0.377,9.6,12.2,10.9,0.223,persistencia,0.377,0.223,True
GAP,9,0.483,0.213,0.327,9.9,12.2,11.2,0.232,persistencia,0.327,0.232,True
GAP,10,0.45,0.211,0.283,10.1,12.1,11.6,0.233,persistencia,0.283,0.233,True
GAP,11,0.431,0.209,0.243,10.3,12.1,11.8,0.248,persistencia,0.243,0.248,True
GAP,12,0.424,0.208,0.207,10.3,12.0,12.1,0.274,climatologia,0.208,0.273,True
GAP,13,0.401,0.208,0.173,10.4,12.0,12.3,0.276,climatologia,0.208,0.244,True
GAP,14,0.383,0.208,0.139,10.6,12.0,12.5,0.283,climatologia,0.208,0.22,True
GAP,15,0.364,0.21,0.104,10.7,12.0,12.7,0.29,climatologia,0.21,0.195,True
GAP,16,0.338,0.212,0.075,10.9,11.9,12.9,0.285,climatologia,0.212,0.161,True
GAP,17,0.336,0.213,0.049,10.9,11.9,13.1,0.302,climatologia,0.213,0.157,True
GAP,18,0.319,0.213,0.028,11.1,11.9,13.2,0.299,climatologia,0.213,0.134,True
GAP,19,0.303,0.213,0.008,11.2,11.9,13.3,0.297,climatologia,0.213,0.115,True
GAP,20,0.293,0.212,-0.009,11.2,11.8,13.4,0.299,climatologia,0.212,0.104,True
GAP,21,0.275,0.21,-0.027,11.3,11.8,13.4,0.294,climatologia,0.21,0.082,True
GAP,22,0.259,0.21,-0.045,11.3,11.7,13.5,0.291,climatologia,0.21,0.062,True
GAP,23,0.265,0.209,-0.063,11.2,11.7,13.5,0.309,climatologia,0.209,0.071,True
GAP,24,0.256,0.206,-0.086,11.2,11.6,13.6,0.316,climatologia,0.206,0.064,True
GAP,25,0.251,0.202,-0.113,11.2,11.6,13.6,0.327,climatologia,0.202,0.061,True
GAP,26,0.229,0.198,-0.144,11.3,11.5,13.7,0.326,climatologia,0.198,0.039,True
GAP,27,0.226,0.194,-0.18,11.2,11.4,13.8,0.344,climatologia,0.194,0.039,True
GAP,28,0.231,0.189,-0.222,11.0,11.3,13.9,0.37,climatologia,0.189,0.051,True
GAP,29,0.222,0.183,-0.27,11.0,11.3,14.1,0.387,climatologia,0.183,0.047,True
GAP,30,0.199,0.175,-0.324,11.0,11.2,14.2,0.395,climatologia,0.175,0.029,True
FSB,1,0.878,0.258,0.869,6.6,16.4,6.9,0.066,persistencia,0.869,0.066,True
FSB,2,0.762,0.256,0.685,9.2,16.3,10.6,0.244,persistencia,0.685,0.244,True
FSB,3,0.676,0.254,0.538,10.7,16.3,12.8,0.3,persistencia,0.538,0.3,True
FSB,4,0.588,0.25,0.406,12.0,16.2,14.4,0.308,persistencia,0.406,0.308,True
FSB,5,0.493,0.247,0.28,13.3,16.2,15.8,0.296,persistencia,0.28,0.296,True
FSB,6,0.417,0.243,0.186,14.1,16.1,16.7,0.285,climatologia,0.243,0.232,True
FSB,7,0.359,0.239,0.135,14.7,16.1,17.2,0.261,climatologia,0.239,0.16,True
FSB,8,0.315,0.235,0.096,15.1,16.0,17.4,0.244,climatologia,0.235,0.107,True
FSB,9,0.284,0.232,0.058,15.4,15.9,17.6,0.242,climatologia,0.232,0.071,True
FSB,10,0.257,0.229,0.038,15.5,15.9,17.7,0.23,climatologia,0.229,0.04,True
FSB,11,0.245,0.224,0.042,15.5,15.8,17.5,0.214,climatologia,0.224,0.029,True
FSB,12,0.233,0.221,0.042,15.6,15.7,17.4,0.201,climatologia,0.221,0.018,True
FSB,13,0.238,0.218,0.014,15.5,15.7,17.6,0.228,climatologia,0.218,0.027,True
FSB,14,0.22,0.215,-0.033,15.6,15.7,18.0,0.247,climatologia,0.215,0.009,True
FSB,15,0.199,0.211,-0.081,15.7,15.6,18.3,0.261,climatologia,0.211,-0.012,False
FSB,16,0.202,0.206,-0.135,15.6,15.6,18.6,0.298,climatologia,0.206,-0.003,False
FSB,17,0.185,0.201,-0.193,15.7,15.5,19.0,0.318,climatologia,0.201,-0.018,False
FSB,18,0.189,0.193,-0.248,15.4,15.4,19.1,0.351,climatologia,0.193,-0.003,False
FSB,19,0.179,0.18,-0.302,15.1,15.1,19.1,0.37,climatologia,0.18,-0.001,False
FSB,20,0.148,0.168,-0.344,15.1,15.0,19.0,0.367,climatologia,0.168,-0.023,False
FSB,21,0.155,0.16,-0.379,14.9,14.9,19.1,0.387,climatologia,0.16,-0.005,False
FSB,22,0.147,0.153,-0.427,14.9,14.8,19.2,0.403,climatologia,0.153,-0.005,False
FSB,23,0.11,0.146,-0.469,15.1,14.8,19.4,0.396,climatologia,0.146,-0.039,False
FSB,24,0.111,0.139,-0.515,15.0,14.7,19.5,0.414,climatologia,0.139,-0.03,False
FSB,25,0.108,0.135,-0.568,14.9,14.7,19.8,0.432,climatologia,0.135,-0.029,False
FSB,26,0.096,0.131,-0.609,14.9,14.6,19.9,0.44,climatologia,0.131,-0.038,False
FSB,27,0.088,0.126,-0.635,14.9,14.6,19.9,0.443,climatologia,0.126,-0.041,False
FSB,28,0.087,0.122,-0.648,14.8,14.5,19.9,0.447,climatologia,0.122,-0.037,False
FSB,29,0.078,0.119,-0.678,14.8,14.5,20.0,0.452,climatologia,0.119,-0.044,False
FSB,30,0.072,0.112,-0.721,14.7,14.4,20.0,0.461,climatologia,0.112,-0.043,False
