posto,versao,semente,n_treino,n_teste,teste_de,teste_ate,epocas,modelo,NSE,KGE,PBIAS,RMSE,R2
IVR,A,42,588,74,2022-07-03,2024-08-29,82,LSTM,0.89657742081034,0.9142325749198938,1.329785390341981,11.768638121108731,0.8988998607984371
IVR,A,42,588,74,2022-07-03,2024-08-29,82,persistencia,0.899020043896715,0.9269316996367578,1.4054296010161196,11.628832510706603,0.9013602304120992
IVR,A,43,588,74,2022-07-17,2024-08-25,78,LSTM,0.9226907667095483,0.961017651401788,-0.5053500254362057,10.133958101242866,0.9243036158078981
IVR,A,43,588,74,2022-07-17,2024-08-25,78,persistencia,0.9368064359075361,0.9061160447094209,-0.5543228435654639,9.162201659020207,0.9504635951372509
IVR,A,44,588,74,2022-07-01,2024-08-19,122,LSTM,0.7691146676336083,0.809606768871992,-3.3602372473430275,15.335198666376355,0.847709623366694
IVR,A,44,588,74,2022-07-01,2024-08-19,122,persistencia,0.9597467109666709,0.9625197291773375,-0.730006892469478,6.403124120561529,0.9630605876634728
IVR,B,42,529,45,2024-06-24,2024-08-21,39,LSTM,-9.566791163946124,-1.466790361249974,-7.966759469309609,16.14393562222311,0.4831437583440266
IVR,B,42,529,45,2024-06-24,2024-08-21,39,persistencia,0.6477195444077626,0.818389713920613,-0.06791913033956289,2.947692181649395,0.6723229131761896
IVR,B,43,529,45,2024-06-24,2024-08-21,27,LSTM,-3.1208803783351238,-0.6269193579631449,-2.3374605276625324,10.081678847119269,0.5560649679146739
IVR,B,43,529,45,2024-06-24,2024-08-21,27,persistencia,0.6477195444077626,0.818389713920613,-0.06791913033956289,2.947692181649395,0.6723229131761896
IVR,B,44,529,45,2024-06-24,2024-08-21,26,LSTM,-6.491535023527603,-1.1646814247278172,-4.273909222963232,13.59324867551798,0.41739782296276834
IVR,B,44,529,45,2024-06-24,2024-08-21,26,persistencia,0.6477195444077626,0.818389713920613,-0.06791913033956289,2.947692181649395,0.6723229131761896
IVR,C,42,529,45,2024-06-24,2024-08-21,33,LSTM,0.6814823383507604,0.8558645156397893,-0.841025593463738,2.802880707217434,0.737995765589236
IVR,C,42,529,45,2024-06-24,2024-08-21,33,persistencia,0.6477195444077626,0.818389713920613,-0.06791913033956289,2.947692181649395,0.6723229131761896
IVR,C,43,529,45,2024-06-24,2024-08-21,37,LSTM,0.2563816679501556,0.6937127715912669,-2.3248163379844167,4.282653112338952,0.6520564682141022
IVR,C,43,529,45,2024-06-24,2024-08-21,37,persistencia,0.6477195444077626,0.818389713920613,-0.06791913033956289,2.947692181649395,0.6723229131761896
IVR,C,44,529,45,2024-06-24,2024-08-21,26,LSTM,0.16664571560105435,0.5647092009118857,1.5289046915047768,4.5336990828269474,0.6113806747024612
IVR,C,44,529,45,2024-06-24,2024-08-21,26,persistencia,0.6477195444077626,0.818389713920613,-0.06791913033956289,2.947692181649395,0.6723229131761896
GAP,A,42,588,74,2022-07-03,2024-08-29,101,LSTM,0.8248578291158826,0.9127190771935735,-1.2615959496251818,15.55285916610028,0.8373522161445472
GAP,A,42,588,74,2022-07-03,2024-08-29,101,persistencia,0.7671289507382749,0.8785501938238336,0.8474576657253224,17.93381251317933,0.7769545353869148
GAP,A,43,588,74,2022-07-17,2024-08-25,50,LSTM,0.8572812371614913,0.8368596354404926,1.8052245098349913,14.0353635809587,0.8679300449997792
GAP,A,43,588,74,2022-07-17,2024-08-25,50,persistencia,0.8853344205888857,0.869524308820502,0.1572480973442775,12.580551100740587,0.9132723284246693
GAP,A,44,588,74,2022-07-01,2024-08-19,110,LSTM,0.8629391225996661,0.9182989140930004,1.2229833056424053,12.54679542089126,0.8784044085531768
GAP,A,44,588,74,2022-07-01,2024-08-19,110,persistencia,0.9039804797093223,0.9428604520188327,1.5528548519445209,10.501608624311084,0.9084311433062378
GAP,B,42,529,45,2024-06-24,2024-08-21,23,LSTM,-5.857940753155511,-0.2926810767349144,-12.05076613416333,21.106677381347655,0.0029869704111089358
GAP,B,42,529,45,2024-06-24,2024-08-21,23,persistencia,-0.4477285141681966,0.2768772823461313,-1.696482793723362e-08,9.697651469175874,0.07666143234237582
GAP,B,43,529,45,2024-06-24,2024-08-21,26,LSTM,-3.66437498164448,-0.12328744486416121,-8.479976543477004,17.4068319334984,0.003925041661352121
GAP,B,43,529,45,2024-06-24,2024-08-21,26,persistencia,-0.4477285141681966,0.2768772823461313,-1.696482793723362e-08,9.697651469175874,0.07666143234237582
GAP,B,44,529,45,2024-06-24,2024-08-21,23,LSTM,-4.325759433803187,-0.18721758099302654,-9.46833821974799,18.600035802472277,0.0037445528579659365
GAP,B,44,529,45,2024-06-24,2024-08-21,23,persistencia,-0.4477285141681966,0.2768772823461313,-1.696482793723362e-08,9.697651469175874,0.07666143234237582
GAP,C,42,529,45,2024-06-24,2024-08-21,23,LSTM,-0.7528003565244534,0.06897281254533216,-1.5131494809122417,10.670609675257648,0.005264573072893028
GAP,C,42,529,45,2024-06-24,2024-08-21,23,persistencia,-0.4477285141681966,0.2768772823461313,-1.696482793723362e-08,9.697651469175874,0.07666143234237582
GAP,C,43,529,45,2024-06-24,2024-08-21,38,LSTM,-1.0171739661755006,0.037122351116770536,-5.714995256494846,11.447079124241753,0.005434550704467627
GAP,C,43,529,45,2024-06-24,2024-08-21,38,persistencia,-0.4477285141681966,0.2768772823461313,-1.696482793723362e-08,9.697651469175874,0.07666143234237582
GAP,C,44,529,45,2024-06-24,2024-08-21,23,LSTM,-1.034393970505732,0.0781279277890472,-0.04336592252274033,11.495835417872762,0.00706939705002578
GAP,C,44,529,45,2024-06-24,2024-08-21,23,persistencia,-0.4477285141681966,0.2768772823461313,-1.696482793723362e-08,9.697651469175874,0.07666143234237582
FSB,A,42,586,74,2022-07-03,2024-08-31,81,LSTM,0.8633010542810743,0.8455650814089227,-0.6187665475284264,8.053733564965173,0.869464995499121
FSB,A,42,586,74,2022-07-03,2024-08-31,81,persistencia,0.891092750741635,0.945544423474224,0.4406817720883423,7.188579333665398,0.8944314055730346
FSB,A,43,586,74,2022-07-10,2024-08-24,67,LSTM,0.9002882801285232,0.9048520413341773,-0.49912554112216106,6.683630948994028,0.901945323224993
FSB,A,43,586,74,2022-07-10,2024-08-24,67,persistencia,0.9685992268184112,0.9623661394079445,-0.7862004581226076,3.750675820387187,0.972721408522399
FSB,A,44,586,74,2022-07-06,2024-09-01,77,LSTM,0.8652977946158751,0.8740517438574243,1.1701781471104407,10.446783112745614,0.8693251429925234
FSB,A,44,586,74,2022-07-06,2024-09-01,77,persistencia,0.9320318539530669,0.965768231518321,0.5573159856704242,7.420752331798407,0.9340177049827383
FSB,B,42,527,45,2024-06-24,2024-08-21,21,LSTM,-9.672124185520103,-0.6159025649097176,-11.364242679944331,14.732882950533213,0.21846737768063398
FSB,B,42,527,45,2024-06-24,2024-08-21,21,persistencia,0.7814791491910935,0.88918397152718,-0.09405122137533295,2.1081851252741552,0.7916704891763214
FSB,B,43,527,45,2024-06-24,2024-08-21,21,LSTM,-13.234952724809713,-0.5072626001873346,-14.666773676122427,17.015327712445853,0.14756148923647022
FSB,B,43,527,45,2024-06-24,2024-08-21,21,persistencia,0.7814791491910935,0.88918397152718,-0.09405122137533295,2.1081851252741552,0.7916704891763214
FSB,B,44,527,45,2024-06-24,2024-08-21,21,LSTM,-11.697923836450636,-1.1226616029318248,-10.81922300033657,16.070473103241305,0.19990768489667765
FSB,B,44,527,45,2024-06-24,2024-08-21,21,persistencia,0.7814791491910935,0.88918397152718,-0.09405122137533295,2.1081851252741552,0.7916704891763214
FSB,C,42,527,45,2024-06-24,2024-08-21,67,LSTM,-2.6367821406528793,0.4617512287546889,-7.608997916343386,8.600445462013404,0.4624942515797411
FSB,C,42,527,45,2024-06-24,2024-08-21,67,persistencia,0.7814791491910935,0.88918397152718,-0.09405122137533295,2.1081851252741552,0.7916704891763214
FSB,C,43,527,45,2024-06-24,2024-08-21,58,LSTM,-0.8928209221338237,0.6130887453614227,-4.909684482106698,6.204646842188639,0.4295115762224398
FSB,C,43,527,45,2024-06-24,2024-08-21,58,persistencia,0.7814791491910935,0.88918397152718,-0.09405122137533295,2.1081851252741552,0.7916704891763214
FSB,C,44,527,45,2024-06-24,2024-08-21,30,LSTM,-0.45447897204665266,0.5855504403306055,-3.5525736939600647,5.43896202796455,0.3667330348837553
FSB,C,44,527,45,2024-06-24,2024-08-21,30,persistencia,0.7814791491910935,0.88918397152718,-0.09405122137533295,2.1081851252741552,0.7916704891763214
