data,obs,lstm,persistencia
2023-11-07,129.99999940395355,141.03345580399036,126.0
2023-09-10,125.0000000745058,121.04833357036114,129.0
2024-08-15,108.99999996647239,103.95549114793539,113.0
2023-03-25,163.99999976158142,172.02728360891342,211.0
2022-09-19,116.99999950826168,120.34508220851421,112.0
2023-03-31,198.0000001192093,185.2351699769497,184.0
2023-03-12,196.00000202655792,193.59899953007698,205.0
2023-11-22,138.99999901652336,165.45379132032394,146.0
2022-09-26,118.99999964982271,118.10454826802015,122.0
2022-12-28,169.0000031888485,233.89892995357513,156.0
2022-09-21,118.99999964982271,114.9845239520073,114.0
2024-04-02,137.99999997019768,130.5972770601511,138.0
2022-09-10,120.99999979138374,116.07474058866501,124.0
2023-11-21,146.0000005364418,182.5989444553852,157.0
2024-05-22,101.9999999832362,118.19609150290489,110.0
2024-06-29,97.99999995622784,109.71392512321472,98.0
2024-02-03,137.99999997019768,147.19362564384937,136.0
2024-05-13,112.00000017881393,120.5928322672844,115.0
2022-07-03,114.99999936670065,119.69015643000603,118.0
2022-12-12,129.00000035762787,142.72065915167332,134.0
2024-08-18,114.99999936670065,109.61803615093231,107.0
2024-07-03,107.99999989569187,105.7916010543704,107.0
2023-03-08,183.9999970793724,174.91764768958092,196.0
2023-04-15,198.99999916553497,198.88053953647614,153.0
2024-07-23,111.00000010803342,106.89753795042634,112.0
2023-11-02,215.9999993443489,170.61855167150497,155.0
2024-03-23,120.99999979138374,126.89252261072397,120.0
2023-09-03,129.00000035762787,130.62898188829422,139.0
2023-06-07,156.99999824166298,156.45911067724228,187.0
2024-04-08,134.9999987334013,115.59635091573,122.0
2023-05-21,137.000000923872,130.98357439041138,136.0
2023-02-03,220.0000037252903,216.61046788096428,207.0
2023-07-06,133.99999968707561,122.1020570769906,127.0
2023-07-24,123.99999897927046,121.69410482048988,125.0
2023-01-15,198.99999916553497,213.7880538403988,196.0
2023-04-20,220.0000037252903,226.00175186991692,210.0
2022-08-31,108.99999996647239,107.37473208457232,102.0
2024-03-09,129.99999940395355,143.82287830114365,130.0
2024-01-19,167.99999594688416,140.30510529875755,158.0
2022-09-12,116.000000461936,115.47069743275642,115.0
2023-03-11,205.00000163912773,183.64711746573448,178.0
2023-06-15,196.00000202655792,156.8400603532791,139.0
2024-04-24,107.99999989569187,111.19089087471366,117.0
2022-09-09,123.99999897927046,122.60601714253426,123.0
2023-03-15,212.00000315904617,220.63905864953995,193.0
2023-09-16,125.99999912083149,133.33956643939018,123.0
2023-12-10,145.00000149011612,151.49678260087967,143.0
2023-01-04,235.9999966621399,238.56288760900497,264.0
2024-02-21,187.0000024139881,160.01883305609226,156.0
2022-10-28,103.99999961256981,117.22905941307545,111.0
2023-03-03,184.9999961256981,170.83601474761963,158.0
2023-06-25,138.99999901652336,127.87121504545212,143.0
2022-10-19,112.99999922513962,122.17585265636444,115.0
2024-06-28,97.99999995622784,109.7249267436564,107.0
2022-08-25,112.99999922513962,120.48089418560266,111.0
2024-06-25,108.99999996647239,109.06345572322607,109.0
2022-09-05,99.99999984167516,109.83949152752757,102.0
2024-01-25,133.00000064074993,135.37744477391243,128.0
2023-06-17,222.00000181794167,239.2271113395691,220.0
2022-08-15,118.99999964982271,121.4015594497323,118.0
2024-02-06,145.00000149011612,145.44425427913666,133.0
2022-09-18,112.00000017881393,123.02788559347391,116.0
2023-06-02,187.0000024139881,208.1933256983757,196.0
2022-07-11,110.0000000372529,105.64023170620203,111.0
2022-09-03,101.9999999832362,102.10848872549832,101.0
2023-11-03,142.99999929964542,171.69517174363136,216.0
2023-06-03,177.00000375509262,199.57749664783478,187.0
2024-08-29,108.99999996647239,105.49614315852523,115.0
2023-07-16,129.00000035762787,119.70108736306429,127.0
2022-12-02,137.000000923872,146.06337741017342,148.0
2023-06-10,138.99999901652336,140.4036496579647,140.0
2023-02-26,198.99999916553497,195.140730291605,200.0
2022-10-07,118.00000060349703,125.28144855052233,118.0
2022-11-17,122.99999993294477,113.12179870903492,112.0
